section_name,web_width,height,concrete_compression_strength,top_reinforcement_area,bottom_reinforcement_area,top_reinforcement_centroid,bottom_reinforcement_centroid,steel_area_skin,outter_stirrup_area,inner_stirrups_area,cover,positive_nominal_moment,negative_nominal_moment,flexural_reduction_factor,positive_phi*Mn,negative_phi*Mn
B300X600,300,600,28,507,1014,70,530,0,140,0,40,213023776.81787425,110708878.50026125,0.9,191721399.13608682,99637990.65023513
B400X700,400,700,28,1014,1014,70,630,0,140,0,40,259080184.45388943,259080184.45388943,0.9,233172166.0085005,233172166.0085005
B500X800,500,800,28,507,1014,70,730,0,140,0,40,303569540.5742978,154974109.54263145,0.9,273212586.516868,139476698.5883683
B500X900,500,900,28,507,1014,70,830,0,140,0,40,346124685.9272137,176105768.95767665,0.9,311512217.3344924,158495192.061909
