section_name,base,height,concrete_strength,rebar_area_top,rebar_area_bottom,rebar_position_top,rebar_position_bottom,steel_area_skin,outter_stirrup_area,inner_stirrups_area,cover,positive_nominal_moment,negative_nominal_moment,flexural_reduction_factor,positive_phi*Mn,negative_phi*Mn
B300X600,300,600,28,507,1014,70,530,0,140,0,40,213023776.80794436,110708878.4952847,0.9,191721399.12714994,99637990.64575624
B400X700,400,700,28,507,1014,70,630,0,140,0,40,258943154.5082214,133097605.24647588,0.9,233048839.05739924,119787844.7218283
B500X800,500,800,28,507,1014,70,730,0,140,0,40,303569540.5623329,154974109.54263145,0.9,273212586.50609964,139476698.5883683
B500X900,500,900,28,507,1014,70,830,0,140,0,40,346124685.9272137,176105768.95767662,0.9,311512217.3344924,158495192.06190896
